{"0008_2014": [4679.970648521711, 3989.567951136183, 4049.797306474827, 3573.406749095144], "0010_2014": [823.7013820477255, 1461.3466887389347, 1374.6923020447537, 1857.608983920819], "0011_2014": [2194.76687882271, 1627.3491741350463, 1571.65258609385, 1004.3270721926993], "0015_2014": [2201.926655996982, 1558.0387295059734, 1546.2182800653184, 979.1435813710098], "0017_2014": [357.459881958363, 1046.4292288100671, 1014.5719027521611, 1575.7915533610312], "0018_2014": [1059.464705276924, 1691.2261480619109, 1598.9943693680088, 2063.5991307952922], "0019_2014": [2630.4437132981234, 1963.522560130842, 1972.104680116855, 1422.089129673905], "avg": [1992.5334094175055, 1905.3543543598514, 1875.4330609879678, 1782.2808857728428]}