{"0005_2018": [328.8834524277153, 485.8817482861083, 531.4083011877976, 1097.4425065444734], "0009_2018": [1040.5212334756052, 961.5807366116852, 800.3682228796132, 857.218203618007], "0010_2018": [496.33574277050496, 1148.8673859011612, 1075.2407055597594, 1590.5209752865337], "0011_2018": [3740.248767368088, 3149.9072398798808, 3109.2582391639617, 2534.629025422409], "0014_2018": [1264.3271586241106, 1053.0589085854238, 901.5153327087374, 773.3934548017604], "0017_2018": [1477.642722563788, 1118.297904874051, 991.1602430386143, 658.3008796274504], "0019_2018": [1404.720852097436, 2077.5562911481393, 2003.545303496165, 2498.44843865997], "0021_2018": [2339.2562529920087, 1782.607502883943, 1722.989887793442, 1159.285578574043], "0024_2018": [601.9987284681218, 105.73661938380873, 210.77341870891152, 726.9917344981333], "0026_2018": [746.3947981388322, 1355.034025872035, 1260.2010144057804, 1729.418668166002], "0027_2018": [630.1304934629721, 1307.1175728035105, 1243.7738559509794, 1769.311689599595], "avg": [1279.1327456717438, 1322.3314487481587, 1259.1122295357966, 1399.5419231634887]}