{"0001_2016": [328.22916683707575, 458.5047002945736, 370.0773916059622, 910.1214573288393], "0002_2016": [502.34134455166844, 270.0695455777213, 165.07126094529963, 722.9157791725715], "0006_2016": [571.2177740920574, 1137.7868265370664, 1037.5348223481349, 1504.3596497111243], "0010_2016": [1212.3288908850664, 1837.075891847715, 1740.5746267469192, 2191.2981846647676], "0016_2016": [1552.7961811330044, 918.9453539289253, 897.5949776084135, 332.71165845120635], "0019_2016": [772.2139836510831, 352.28674189491545, 204.17159975344597, 468.04046513623143], "0023_2016": [461.391579842601, 1083.5967930640809, 1000.9131026334204, 1504.354343341979], "0024_2016": [1287.277261845715, 631.1935885831227, 629.0739633697688, 175.47850115657587], "avg": [835.974522854784, 836.1824302160151, 755.6264681264206, 976.1600048704119]}