{"0010_2015": [71.86785439786539, 753.8264438253624, 727.3836075320903, 1295.8074083906115], "0014_2015": [1953.624282574267, 1292.492175566578, 1295.2759195846395, 748.7242744349791], "0022_2015": [715.7238542838187, 393.1157103428838, 232.6105005889598, 546.923807134671], "0023_2015": [496.1658641065312, 1141.787942350325, 1065.4827429585632, 1576.940388019046], "avg": [809.3454638406206, 895.3055680212873, 830.1881926660633, 1042.0989694948269]}