{"0003_2019": [4119.939316996066, 3435.4150481255324, 3466.129971410393, 2936.9472728311584], "0004_2019": [130.5297254561159, 567.8289405017134, 550.4774400344816, 1124.421769661944], "0005_2019": [877.2486208009361, 1556.0972856189078, 1491.102311817515, 2009.3058530093492], "0006_2019": [644.2322424465915, 48.29001755167336, 142.22327884409066, 651.408635888709], "0007_2019": [371.4105710990999, 995.4471868234124, 917.1350947519261, 1431.1943142315063], "0008_2019": [418.125047130616, 964.1855851604737, 988.9977273328695, 1564.2701068557296], "0009_2019": [3349.4317105149935, 2685.086369264884, 2691.170484427758, 2133.918387581108], "0016_2019": [445.0719972827162, 1093.2834290947026, 1019.5528835094659, 1536.5554134928245], "avg": [1294.4986539658917, 1418.2042327676625, 1408.3486490160626, 1673.502719194041]}