{"0007_2012": [262.7334746330994, 937.6449454599104, 882.0969957988291, 1426.0894053692996], "0009_2012": [831.6068201407949, 1488.3585165998802, 1409.864731159324, 1907.5150090706225], "0010_2012": [313.5100137009996, 760.0865648315764, 661.073035648466, 1156.1167475225], "0012_2012": [860.584959617474, 474.8442491331412, 329.8818219025657, 434.71570031768357], "0014_2012": [1078.9833288124053, 1705.3937296928132, 1610.9553728488288, 2070.042594028897], "0024_2012": [547.7550397162763, 1232.1182916171645, 1176.580997222924, 1713.4377626583316], "avg": [649.1956061035082, 1099.7410495557476, 1011.742159096823, 1451.3195364945557]}