{"0003_2017": [646.2944125784616, 249.58585165381749, 88.16988460453243, 578.9604139382539], "0008_2017": [216.22647441514982, 900.7174727193487, 852.9231358691131, 1404.9492565653566], "0010_2017": [400.4576531011265, 290.5827594426665, 284.2884161577497, 859.8108079876196], "0011_2017": [1538.563269128819, 1168.5464740808234, 1044.595730911989, 686.7476120423613], "0014_2017": [1363.9278548497173, 1969.2261993341301, 1864.7858841721309, 2290.963258530965], "0015_2017": [661.2413083876841, 1286.1267648579044, 1198.2211060345587, 1684.370246448218], "0017_2017": [79.62736520246537, 626.5671648587058, 584.4016740091186, 1147.8554562798136], "0023_2017": [494.24732387138334, 1182.3130077509136, 1151.3926673434196, 1711.5708468863697], "avg": [675.0732076918509, 959.2082118372887, 883.5973123878265, 1295.6534873348696]}