{"0006_2013": [648.901788192198, 1203.2094627354813, 1097.7782201345938, 1548.8514474732058], "0007_2013": [726.2134597228926, 529.0189505583596, 367.1986127945821, 630.1062394754601], "0008_2013": [564.472080559296, 146.91299256152845, 117.53836186992895, 688.0669352504192], "0011_2013": [455.21556566536185, 1106.5537858349821, 1033.6817597941076, 1551.47156358879], "0012_2013": [468.56844483856986, 771.1862565583547, 644.8557286271608, 1076.0611478182286], "0013_2013": [1042.5025033638774, 381.2900826522805, 387.4412756173353, 270.287690625453], "0020_2013": [577.0911595395062, 1149.4645654773199, 1050.236612087463, 1518.7391377562078], "0025_2013": [619.4389605651054, 157.13905268612393, 41.231810075478926, 617.3061403991348], "0034_2013": [470.58975212044027, 1139.609526956085, 1074.3723740424743, 1601.5936634612779], "avg": [619.2215238408054, 731.5982973356128, 646.0371950047916, 1055.8315517609087]}