{"0006_2011": [387.55509001159237, 351.7203298284927, 396.3097654396118, 960.5877651839036], "0007_2011": [1112.7465502361097, 1798.1981294914556, 1738.3808756698033, 2260.3953054628055], "0015_2011": [542.8771102578892, 162.79435506822463, 235.9048681330214, 777.5282406931713], "avg": [681.0595835018637, 770.9042714627244, 790.1985030808122, 1332.83710377996]}