{"0003_2010": [691.7432792319531, 1315.729354582182, 1226.8221951673759, 1709.9354244964459], "0007_2010": [209.38765880525403, 896.5838299546842, 851.4316520111455, 1405.6986878658074], "0009_2010": [605.8964733455463, 138.51270824226756, 259.18746235733477, 761.4214629763791], "0011_2010": [3861.884845224366, 3173.125444198735, 3213.625602813996, 2702.304410294056], "0012_2010": [508.93943214171395, 1138.5994511921451, 1056.4642951714716, 1558.6150965947625], "0015_2010": [652.0797826319967, 61.10825165563405, 108.41662635974528, 625.3505392220846], "avg": [1088.3219118968052, 1120.6098399709415, 1119.3246389801782, 1460.5542702415894]}